ID,Screen/card,English source,Intended meaning,Current Kannada,Current literal meaning,Problem,Proposed Kannada display,Proposed Kannada narration,Names/numbers/acronyms preserved,Reviewer correction,Reviewer decision,Reviewer name,Review date
ui.welcome.general_display,Onboarding / welcome bubble — welcome.general_display,"Welcome.
What information would you like today?","Communicate the complete English source meaning without omitting qualifiers, actions, names, numbers, fees, or acronyms: Welcome.
What information would you like today?","ಸ್ವಾಗತ.
ಇಂದು ನಿಮಗೆ ಯಾವ ಮಾಹಿತಿ ಬೇಕು?","Working literal gloss: Welcome.
What information would you like today?",Sentence-level redraft is proposed because the current wording has no native-human approval and may be unnatural in context.,"ಸ್ವಾಗತ.
ಇಂದು ನೀವು ಯಾವ ಮಾಹಿತಿಯನ್ನು ತಿಳಿದುಕೊಳ್ಳಲು ಬಯಸುತ್ತೀರಿ?",ಸ್ವಾಗತ. ಇಂದು ನೀವು ಯಾವ ಮಾಹಿತಿಯನ್ನು ತಿಳಿದುಕೊಳ್ಳಲು ಬಯಸುತ್ತೀರಿ?,YES,,READY_FOR_NATIVE_REVIEW,,
ui.welcome.general_narration,Onboarding / welcome bubble — welcome.general_narration,Welcome. What information would you like today?,"Communicate the complete English source meaning without omitting qualifiers, actions, names, numbers, fees, or acronyms: Welcome. What information would you like today?",ಸ್ವಾಗತ. ಇಂದು ನಿಮಗೆ ಯಾವ ಮಾಹಿತಿ ಬೇಕು?,Working literal gloss: Welcome. What information would you like today?,Sentence-level redraft is proposed because the current wording has no native-human approval and may be unnatural in context.,ಸ್ವಾಗತ. ಇಂದು ನೀವು ಯಾವ ಮಾಹಿತಿಯನ್ನು ತಿಳಿದುಕೊಳ್ಳಲು ಬಯಸುತ್ತೀರಿ?,ಸ್ವಾಗತ. ಇಂದು ನೀವು ಯಾವ ಮಾಹಿತಿಯನ್ನು ತಿಳಿದುಕೊಳ್ಳಲು ಬಯಸುತ್ತೀರಿ?,YES,,READY_FOR_NATIVE_REVIEW,,
ui.welcome.named_display,Onboarding / welcome bubble — welcome.named_display,"{name}, welcome.
What information would you like today?","Communicate the complete English source meaning without omitting qualifiers, actions, names, numbers, fees, or acronyms: {name}, welcome.
What information would you like today?","{name}, ಸ್ವಾಗತ.
ಇಂದು ನಿಮಗೆ ಯಾವ ಮಾಹಿತಿ ಬೇಕು?","Working literal gloss: {name}, welcome.
What information would you like today?",Sentence-level redraft is proposed because the current wording has no native-human approval and may be unnatural in context.,"{name} ಅವರೇ, ಸ್ವಾಗತ.
ಇಂದು ನೀವು ಯಾವ ಮಾಹಿತಿಯನ್ನು ತಿಳಿದುಕೊಳ್ಳಲು ಬಯಸುತ್ತೀರಿ?","{name} ಅವರೇ, ಸ್ವಾಗತ. ಇಂದು ನೀವು ಯಾವ ಮಾಹಿತಿಯನ್ನು ತಿಳಿದುಕೊಳ್ಳಲು ಬಯಸುತ್ತೀರಿ?",YES,,READY_FOR_NATIVE_REVIEW,,
ui.welcome.named_narration,Onboarding / welcome bubble — welcome.named_narration,"{name}, welcome. What information would you like today?","Communicate the complete English source meaning without omitting qualifiers, actions, names, numbers, fees, or acronyms: {name}, welcome. What information would you like today?","{name}, ಸ್ವಾಗತ. ಇಂದು ನಿಮಗೆ ಯಾವ ಮಾಹಿತಿ ಬೇಕು?","Working literal gloss: {name}, welcome. What information would you like today?",Sentence-level redraft is proposed because the current wording has no native-human approval and may be unnatural in context.,"{name} ಅವರೇ, ಸ್ವಾಗತ. ಇಂದು ನೀವು ಯಾವ ಮಾಹಿತಿಯನ್ನು ತಿಳಿದುಕೊಳ್ಳಲು ಬಯಸುತ್ತೀರಿ?","{name} ಅವರೇ, ಸ್ವಾಗತ. ಇಂದು ನೀವು ಯಾವ ಮಾಹಿತಿಯನ್ನು ತಿಳಿದುಕೊಳ್ಳಲು ಬಯಸುತ್ತೀರಿ?",YES,,READY_FOR_NATIVE_REVIEW,,
ui.welcome.name_prompt,Onboarding / welcome bubble — welcome.name_prompt,Please tell me your preferred name.,"Communicate the complete English source meaning without omitting qualifiers, actions, names, numbers, fees, or acronyms: Please tell me your preferred name.",ದಯವಿಟ್ಟು ನಿಮ್ಮ ಹೆಸರನ್ನು ತಿಳಿಸಿ.,Please tell me your name.,Drops the meaning of preferred / what the visitor should be called.,ದಯವಿಟ್ಟು ನಿಮ್ಮನ್ನು ಯಾವ ಹೆಸರಿನಿಂದ ಕರೆಯಬೇಕೆಂದು ತಿಳಿಸಿ.,ದಯವಿಟ್ಟು ನಿಮ್ಮನ್ನು ಯಾವ ಹೆಸರಿನಿಂದ ಕರೆಯಬೇಕೆಂದು ತಿಳಿಸಿ.,YES,,READY_FOR_NATIVE_REVIEW,,
ui.language.select,Language gate — language.select,Select a language.,"Communicate the complete English source meaning without omitting qualifiers, actions, names, numbers, fees, or acronyms: Select a language.",ಭಾಷೆಯನ್ನು ಆಯ್ಕೆಮಾಡಿ.,Working literal gloss: Select a language.,Sentence-level redraft is proposed because the current wording has no native-human approval and may be unnatural in context.,ದಯವಿಟ್ಟು ಭಾಷೆಯನ್ನು ಆಯ್ಕೆಮಾಡಿ.,ದಯವಿಟ್ಟು ಭಾಷೆಯನ್ನು ಆಯ್ಕೆಮಾಡಿ.,YES,,READY_FOR_NATIVE_REVIEW,,
ui.language.required,Language gate — language.required,Please select a language to continue.,"Communicate the complete English source meaning without omitting qualifiers, actions, names, numbers, fees, or acronyms: Please select a language to continue.",ಮುಂದುವರಿಯಲು ದಯವಿಟ್ಟು ಭಾಷೆಯನ್ನು ಆಯ್ಕೆಮಾಡಿ.,Working literal gloss: Please select a language to continue.,No specific defect established by desk review; native-human sentence approval is still absent.,ಮುಂದುವರಿಯಲು ದಯವಿಟ್ಟು ಭಾಷೆಯನ್ನು ಆಯ್ಕೆಮಾಡಿ.,ಮುಂದುವರಿಯಲು ದಯವಿಟ್ಟು ಭಾಷೆಯನ್ನು ಆಯ್ಕೆಮಾಡಿ.,YES,,READY_FOR_NATIVE_REVIEW,,
ui.status.listening,Chat status / orb — status.listening,Listening…,"Communicate the complete English source meaning without omitting qualifiers, actions, names, numbers, fees, or acronyms: Listening…",ಆಲಿಸುತ್ತಿದ್ದೇನೆ…,Working literal gloss: Listening…,Sentence-level redraft is proposed because the current wording has no native-human approval and may be unnatural in context.,ನಿಮ್ಮ ಮಾತನ್ನು ಆಲಿಸುತ್ತಿದ್ದೇನೆ…,ನಿಮ್ಮ ಮಾತನ್ನು ಆಲಿಸುತ್ತಿದ್ದೇನೆ.,YES,,READY_FOR_NATIVE_REVIEW,,
ui.status.processing,Chat status / orb — status.processing,Processing your request…,"Communicate the complete English source meaning without omitting qualifiers, actions, names, numbers, fees, or acronyms: Processing your request…",ನಿಮ್ಮ ವಿನಂತಿಯನ್ನು ಪರಿಶೀಲಿಸುತ್ತಿದ್ದೇನೆ…,Working literal gloss: Processing your request…,Sentence-level redraft is proposed because the current wording has no native-human approval and may be unnatural in context.,ನಿಮ್ಮ ವಿನಂತಿಯನ್ನು ಪರಿಶೀಲಿಸುತ್ತಿದ್ದೇನೆ…,ನಿಮ್ಮ ವಿನಂತಿಯನ್ನು ಪರಿಶೀಲಿಸುತ್ತಿದ್ದೇನೆ.,YES,,READY_FOR_NATIVE_REVIEW,,
ui.status.thinking,Chat status / orb — status.thinking,CLARA is thinking…,"Communicate the complete English source meaning without omitting qualifiers, actions, names, numbers, fees, or acronyms: CLARA is thinking…",CLARA ಉತ್ತರವನ್ನು ಸಿದ್ಧಪಡಿಸುತ್ತಿದೆ…,Working literal gloss: CLARA is thinking…,Sentence-level redraft is proposed because the current wording has no native-human approval and may be unnatural in context.,CLARA ನಿಮ್ಮ ಪ್ರಶ್ನೆಗೆ ಉತ್ತರವನ್ನು ಸಿದ್ಧಪಡಿಸುತ್ತಿದೆ…,CLARA ನಿಮ್ಮ ಪ್ರಶ್ನೆಗೆ ಉತ್ತರವನ್ನು ಸಿದ್ಧಪಡಿಸುತ್ತಿದೆ.,YES,,READY_FOR_NATIVE_REVIEW,,
ui.status.thinking_title,Chat status / orb — status.thinking_title,CLARA is thinking,"Communicate the complete English source meaning without omitting qualifiers, actions, names, numbers, fees, or acronyms: CLARA is thinking",CLARA ಯೋಚಿಸುತ್ತಿದೆ,Working literal gloss: CLARA is thinking,Sentence-level redraft is proposed because the current wording has no native-human approval and may be unnatural in context.,CLARA ನಿಮ್ಮ ಪ್ರಶ್ನೆಯನ್ನು ಪರಿಶೀಲಿಸುತ್ತಿದೆ,CLARA ನಿಮ್ಮ ಪ್ರಶ್ನೆಯನ್ನು ಪರಿಶೀಲಿಸುತ್ತಿದೆ.,YES,,READY_FOR_NATIVE_REVIEW,,
ui.status.thinking_detail_1,Chat status / orb — status.thinking_detail_1,Reading your question and gathering the right details...,"Communicate the complete English source meaning without omitting qualifiers, actions, names, numbers, fees, or acronyms: Reading your question and gathering the right details...",ನಿಮ್ಮ ಪ್ರಶ್ನೆಯನ್ನು ಓದಿ ಸರಿಯಾದ ಮಾಹಿತಿಯನ್ನು ಸಂಗ್ರಹಿಸುತ್ತಿದ್ದೇನೆ...,Working literal gloss: Reading your question and gathering the right details...,Sentence-level redraft is proposed because the current wording has no native-human approval and may be unnatural in context.,"ನಿಮ್ಮ ಪ್ರಶ್ನೆಯನ್ನು ಪರಿಶೀಲಿಸಿ, ಸರಿಯಾದ ಮಾಹಿತಿಯನ್ನು ಸಂಗ್ರಹಿಸಲಾಗುತ್ತಿದೆ…","ನಿಮ್ಮ ಪ್ರಶ್ನೆಯನ್ನು ಪರಿಶೀಲಿಸಿ, ಸರಿಯಾದ ಮಾಹಿತಿಯನ್ನು ಸಂಗ್ರಹಿಸಲಾಗುತ್ತಿದೆ.",YES,,READY_FOR_NATIVE_REVIEW,,
ui.status.thinking_detail_2,Chat status / orb — status.thinking_detail_2,Cross-checking campus information so the answer stays accurate...,"Communicate the complete English source meaning without omitting qualifiers, actions, names, numbers, fees, or acronyms: Cross-checking campus information so the answer stays accurate...",ಉತ್ತರ ನಿಖರವಾಗಿರಲು ಮಾಹಿತಿಯನ್ನು ಪರಿಶೀಲಿಸುತ್ತಿದ್ದೇನೆ...,Working literal gloss: Cross-checking campus information so the answer stays accurate...,Sentence-level redraft is proposed because the current wording has no native-human approval and may be unnatural in context.,ಉತ್ತರ ನಿಖರವಾಗಿರಲು ಕ್ಯಾಂಪಸ್ ಮಾಹಿತಿಯನ್ನು ಮರುಪರಿಶೀಲಿಸಲಾಗುತ್ತಿದೆ…,ಉತ್ತರ ನಿಖರವಾಗಿರಲು ಕ್ಯಾಂಪಸ್ ಮಾಹಿತಿಯನ್ನು ಮರುಪರಿಶೀಲಿಸಲಾಗುತ್ತಿದೆ.,YES,,READY_FOR_NATIVE_REVIEW,,
ui.status.thinking_detail_3,Chat status / orb — status.thinking_detail_3,Preparing a clear response for you...,"Communicate the complete English source meaning without omitting qualifiers, actions, names, numbers, fees, or acronyms: Preparing a clear response for you...",ನಿಮಗಾಗಿ ಸ್ಪಷ್ಟ ಉತ್ತರವನ್ನು ಸಿದ್ಧಪಡಿಸುತ್ತಿದ್ದೇನೆ...,Working literal gloss: Preparing a clear response for you...,Sentence-level redraft is proposed because the current wording has no native-human approval and may be unnatural in context.,ನಿಮಗಾಗಿ ಸ್ಪಷ್ಟವಾದ ಉತ್ತರವನ್ನು ಸಿದ್ಧಪಡಿಸಲಾಗುತ್ತಿದೆ…,ನಿಮಗಾಗಿ ಸ್ಪಷ್ಟವಾದ ಉತ್ತರವನ್ನು ಸಿದ್ಧಪಡಿಸಲಾಗುತ್ತಿದೆ.,YES,,READY_FOR_NATIVE_REVIEW,,
ui.status.thinking_detail_4,Chat status / orb — status.thinking_detail_4,Connecting the relevant details from CLARA knowledge...,"Communicate the complete English source meaning without omitting qualifiers, actions, names, numbers, fees, or acronyms: Connecting the relevant details from CLARA knowledge...",CLARA ಜ್ಞಾನದಿಂದ ಸಂಬಂಧಿತ ಮಾಹಿತಿಯನ್ನು ಜೋಡಿಸುತ್ತಿದ್ದೇನೆ...,Working literal gloss: Connecting the relevant details from CLARA knowledge...,Sentence-level redraft is proposed because the current wording has no native-human approval and may be unnatural in context.,CLARA ಯ ಜ್ಞಾನಸಂಗ್ರಹದಿಂದ ಸಂಬಂಧಿತ ವಿವರಗಳನ್ನು ಒಟ್ಟುಗೂಡಿಸಲಾಗುತ್ತಿದೆ…,CLARA ಯ ಜ್ಞಾನಸಂಗ್ರಹದಿಂದ ಸಂಬಂಧಿತ ವಿವರಗಳನ್ನು ಒಟ್ಟುಗೂಡಿಸಲಾಗುತ್ತಿದೆ.,YES,,READY_FOR_NATIVE_REVIEW,,
ui.status.thinking_detail_5,Chat status / orb — status.thinking_detail_5,Almost ready... preparing the best possible answer...,"Communicate the complete English source meaning without omitting qualifiers, actions, names, numbers, fees, or acronyms: Almost ready... preparing the best possible answer...",ಇನ್ನೇನು ಸಿದ್ಧ... ಅತ್ಯುತ್ತಮ ಉತ್ತರವನ್ನು ಸಿದ್ಧಪಡಿಸುತ್ತಿದ್ದೇನೆ...,Working literal gloss: Almost ready... preparing the best possible answer...,Sentence-level redraft is proposed because the current wording has no native-human approval and may be unnatural in context.,ಉತ್ತರ ಇನ್ನೇನು ಸಿದ್ಧವಾಗಲಿದೆ…,ಉತ್ತರ ಇನ್ನೇನು ಸಿದ್ಧವಾಗಲಿದೆ.,YES,,READY_FOR_NATIVE_REVIEW,,
ui.status.reconnecting,Chat status / orb — status.reconnecting,Reconnecting…,"Communicate the complete English source meaning without omitting qualifiers, actions, names, numbers, fees, or acronyms: Reconnecting…",ಮರುಸಂಪರ್ಕಿಸಲಾಗುತ್ತಿದೆ…,Working literal gloss: Reconnecting…,Sentence-level redraft is proposed because the current wording has no native-human approval and may be unnatural in context.,ಮತ್ತೆ ಸಂಪರ್ಕಿಸಲು ಪ್ರಯತ್ನಿಸಲಾಗುತ್ತಿದೆ…,ಮತ್ತೆ ಸಂಪರ್ಕಿಸಲು ಪ್ರಯತ್ನಿಸಲಾಗುತ್ತಿದೆ.,YES,,READY_FOR_NATIVE_REVIEW,,
ui.status.connection_lost,Chat status / orb — status.connection_lost,Connection lost.,"Communicate the complete English source meaning without omitting qualifiers, actions, names, numbers, fees, or acronyms: Connection lost.",ಸಂಪರ್ಕ ಕಡಿತಗೊಂಡಿದೆ.,Working literal gloss: Connection lost.,No specific defect established by desk review; native-human sentence approval is still absent.,ಸಂಪರ್ಕ ಕಡಿತಗೊಂಡಿದೆ.,ಸಂಪರ್ಕ ಕಡಿತಗೊಂಡಿದೆ.,YES,,READY_FOR_NATIVE_REVIEW,,
ui.status.connectivity_issue,Chat status / orb — status.connectivity_issue,The system is having connectivity problems.,"Communicate the complete English source meaning without omitting qualifiers, actions, names, numbers, fees, or acronyms: The system is having connectivity problems.",ವ್ಯವಸ್ಥೆಯಲ್ಲಿ ಸಂಪರ್ಕ ಸಮಸ್ಯೆಯಾಗಿದೆ.,Working literal gloss: The system is having connectivity problems.,Sentence-level redraft is proposed because the current wording has no native-human approval and may be unnatural in context.,ವ್ಯವಸ್ಥೆಯ ಸಂಪರ್ಕದಲ್ಲಿ ಸಮಸ್ಯೆ ಉಂಟಾಗಿದೆ.,ವ್ಯವಸ್ಥೆಯ ಸಂಪರ್ಕದಲ್ಲಿ ಸಮಸ್ಯೆ ಉಂಟಾಗಿದೆ.,YES,,READY_FOR_NATIVE_REVIEW,,
ui.status.returning_to_sleep,Chat status / orb — status.returning_to_sleep,Returning to the sleep screen.,"Communicate the complete English source meaning without omitting qualifiers, actions, names, numbers, fees, or acronyms: Returning to the sleep screen.",ನಿದ್ರಾ ಪರದೆಗೆ ಹಿಂತಿರುಗಲಾಗುತ್ತಿದೆ.,Working literal gloss: Returning to the sleep screen.,No specific defect established by desk review; native-human sentence approval is still absent.,ನಿದ್ರಾ ಪರದೆಗೆ ಹಿಂತಿರುಗಲಾಗುತ್ತಿದೆ.,ನಿದ್ರಾ ಪರದೆಗೆ ಹಿಂತಿರುಗಲಾಗುತ್ತಿದೆ.,YES,,READY_FOR_NATIVE_REVIEW,,
ui.clarification.general,Clarification assistant turn — clarification.general,Please tell me a little more about the information you need.,"Communicate the complete English source meaning without omitting qualifiers, actions, names, numbers, fees, or acronyms: Please tell me a little more about the information you need.",ನಿಮಗೆ ಯಾವ ಮಾಹಿತಿ ಬೇಕು ಎಂಬುದನ್ನು ದಯವಿಟ್ಟು ಸ್ವಲ್ಪ ವಿವರಿಸಿ.,Working literal gloss: Please tell me a little more about the information you need.,Sentence-level redraft is proposed because the current wording has no native-human approval and may be unnatural in context.,ನಿಮಗೆ ಬೇಕಾದ ಮಾಹಿತಿಯ ಬಗ್ಗೆ ದಯವಿಟ್ಟು ಸ್ವಲ್ಪ ಹೆಚ್ಚು ವಿವರಿಸಿ.,ನಿಮಗೆ ಬೇಕಾದ ಮಾಹಿತಿಯ ಬಗ್ಗೆ ದಯವಿಟ್ಟು ಸ್ವಲ್ಪ ಹೆಚ್ಚು ವಿವರಿಸಿ.,YES,,READY_FOR_NATIVE_REVIEW,,
ui.clarification.department,Clarification assistant turn — clarification.department,Which department would you like to know about?,"Communicate the complete English source meaning without omitting qualifiers, actions, names, numbers, fees, or acronyms: Which department would you like to know about?",ನೀವು ಯಾವ ವಿಭಾಗದ ಬಗ್ಗೆ ತಿಳಿಯಲು ಬಯಸುತ್ತೀರಿ?,Working literal gloss: Which department would you like to know about?,Sentence-level redraft is proposed because the current wording has no native-human approval and may be unnatural in context.,ನೀವು ಯಾವ ವಿಭಾಗದ ಬಗ್ಗೆ ತಿಳಿದುಕೊಳ್ಳಲು ಬಯಸುತ್ತೀರಿ?,ನೀವು ಯಾವ ವಿಭಾಗದ ಬಗ್ಗೆ ತಿಳಿದುಕೊಳ್ಳಲು ಬಯಸುತ್ತೀರಿ?,YES,,READY_FOR_NATIVE_REVIEW,,
ui.clarification.hostel,Clarification assistant turn — clarification.hostel,Would you like information about the girls’ hostel or the boys’ hostel?,"Communicate the complete English source meaning without omitting qualifiers, actions, names, numbers, fees, or acronyms: Would you like information about the girls’ hostel or the boys’ hostel?",ನಿಮಗೆ ಹುಡುಗಿಯರ ಹಾಸ್ಟೆಲ್ ಮಾಹಿತಿ ಬೇಕೇ ಅಥವಾ ಹುಡುಗರ ಹಾಸ್ಟೆಲ್ ಮಾಹಿತಿ ಬೇಕೇ?,Working literal gloss: Would you like information about the girls’ hostel or the boys’ hostel?,Sentence-level redraft is proposed because the current wording has no native-human approval and may be unnatural in context.,ಬಾಲಕಿಯರ ಹಾಸ್ಟೆಲ್ ಅಥವಾ ಬಾಲಕರ ಹಾಸ್ಟೆಲ್ ಕುರಿತು ನಿಮಗೆ ಮಾಹಿತಿ ಬೇಕೇ?,ಬಾಲಕಿಯರ ಹಾಸ್ಟೆಲ್ ಅಥವಾ ಬಾಲಕರ ಹಾಸ್ಟೆಲ್ ಕುರಿತು ನಿಮಗೆ ಮಾಹಿತಿ ಬೇಕೇ?,YES,,READY_FOR_NATIVE_REVIEW,,
ui.clarification.small_talk,Clarification assistant turn — clarification.small_talk,I am here to help with campus questions. What would you like to know?,"Communicate the complete English source meaning without omitting qualifiers, actions, names, numbers, fees, or acronyms: I am here to help with campus questions. What would you like to know?",ಕ್ಯಾಂಪಸ್‌ಗೆ ಸಂಬಂಧಿಸಿದ ಪ್ರಶ್ನೆಗಳಿಗೆ ಸಹಾಯ ಮಾಡಲು ನಾನು ಇಲ್ಲಿದ್ದೇನೆ. ನಿಮಗೆ ಯಾವ ಮಾಹಿತಿ ಬೇಕು?,Working literal gloss: I am here to help with campus questions. What would you like to know?,Sentence-level redraft is proposed because the current wording has no native-human approval and may be unnatural in context.,ಕ್ಯಾಂಪಸ್‌ಗೆ ಸಂಬಂಧಿಸಿದ ಪ್ರಶ್ನೆಗಳಿಗೆ ಸಹಾಯ ಮಾಡಲು ನಾನು ಇಲ್ಲಿದ್ದೇನೆ. ನೀವು ಏನನ್ನು ತಿಳಿದುಕೊಳ್ಳಲು ಬಯಸುತ್ತೀರಿ?,ಕ್ಯಾಂಪಸ್‌ಗೆ ಸಂಬಂಧಿಸಿದ ಪ್ರಶ್ನೆಗಳಿಗೆ ಸಹಾಯ ಮಾಡಲು ನಾನು ಇಲ್ಲಿದ್ದೇನೆ. ನೀವು ಏನನ್ನು ತಿಳಿದುಕೊಳ್ಳಲು ಬಯಸುತ್ತೀರಿ?,YES,,READY_FOR_NATIVE_REVIEW,,
ui.clarification.hod_department,Clarification assistant turn — clarification.hod_department,Please specify the department whose Head of Department you would like to know about.,"Communicate the complete English source meaning without omitting qualifiers, actions, names, numbers, fees, or acronyms: Please specify the department whose Head of Department you would like to know about.",ಯಾವ ವಿಭಾಗದ ವಿಭಾಗ ಮುಖ್ಯಸ್ಥರ ಬಗ್ಗೆ ತಿಳಿಯಬೇಕು ಎಂಬುದನ್ನು ದಯವಿಟ್ಟು ತಿಳಿಸಿ.,Working literal gloss: Please specify the department whose Head of Department you would like to know about.,Sentence-level redraft is proposed because the current wording has no native-human approval and may be unnatural in context.,ನೀವು ಯಾವ ವಿಭಾಗದ ವಿಭಾಗ ಮುಖ್ಯಸ್ಥರ ಬಗ್ಗೆ ತಿಳಿದುಕೊಳ್ಳಲು ಬಯಸುತ್ತೀರಿ?,ನೀವು ಯಾವ ವಿಭಾಗದ ವಿಭಾಗ ಮುಖ್ಯಸ್ಥರ ಬಗ್ಗೆ ತಿಳಿದುಕೊಳ್ಳಲು ಬಯಸುತ್ತೀರಿ?,YES,,READY_FOR_NATIVE_REVIEW,,
ui.clarification.fees_department,Clarification assistant turn — clarification.fees_department,Please specify the department whose fee details you would like to view.,"Communicate the complete English source meaning without omitting qualifiers, actions, names, numbers, fees, or acronyms: Please specify the department whose fee details you would like to view.",ಯಾವ ವಿಭಾಗದ ಶುಲ್ಕದ ವಿವರಗಳನ್ನು ನೋಡಬೇಕು ಎಂಬುದನ್ನು ದಯವಿಟ್ಟು ತಿಳಿಸಿ.,Working literal gloss: Please specify the department whose fee details you would like to view.,Sentence-level redraft is proposed because the current wording has no native-human approval and may be unnatural in context.,ನೀವು ಯಾವ ವಿಭಾಗದ ಶುಲ್ಕದ ವಿವರಗಳನ್ನು ನೋಡಲು ಬಯಸುತ್ತೀರಿ?,ನೀವು ಯಾವ ವಿಭಾಗದ ಶುಲ್ಕದ ವಿವರಗಳನ್ನು ನೋಡಲು ಬಯಸುತ್ತೀರಿ?,YES,,READY_FOR_NATIVE_REVIEW,,
ui.error.retry,Error assistant turn / browser speech recovery — error.retry,Please try again.,"Communicate the complete English source meaning without omitting qualifiers, actions, names, numbers, fees, or acronyms: Please try again.",ದಯವಿಟ್ಟು ಮತ್ತೆ ಪ್ರಯತ್ನಿಸಿ.,Working literal gloss: Please try again.,No specific defect established by desk review; native-human sentence approval is still absent.,ದಯವಿಟ್ಟು ಮತ್ತೆ ಪ್ರಯತ್ನಿಸಿ.,ದಯವಿಟ್ಟು ಮತ್ತೆ ಪ್ರಯತ್ನಿಸಿ.,YES,,READY_FOR_NATIVE_REVIEW,,
ui.error.no_speech,Error assistant turn / browser speech recovery — error.no_speech,I could not hear you clearly. Please say your question again.,"Communicate the complete English source meaning without omitting qualifiers, actions, names, numbers, fees, or acronyms: I could not hear you clearly. Please say your question again.",ನಿಮ್ಮ ಮಾತು ಸ್ಪಷ್ಟವಾಗಿ ಕೇಳಿಸಲಿಲ್ಲ. ದಯವಿಟ್ಟು ಪ್ರಶ್ನೆಯನ್ನು ಮತ್ತೆ ಹೇಳಿ.,Working literal gloss: I could not hear you clearly. Please say your question again.,Sentence-level redraft is proposed because the current wording has no native-human approval and may be unnatural in context.,ನಿಮ್ಮ ಮಾತು ಸ್ಪಷ್ಟವಾಗಿ ಕೇಳಿಸಲಿಲ್ಲ. ದಯವಿಟ್ಟು ನಿಮ್ಮ ಪ್ರಶ್ನೆಯನ್ನು ಮತ್ತೆ ಹೇಳಿ.,ನಿಮ್ಮ ಮಾತು ಸ್ಪಷ್ಟವಾಗಿ ಕೇಳಿಸಲಿಲ್ಲ. ದಯವಿಟ್ಟು ನಿಮ್ಮ ಪ್ರಶ್ನೆಯನ್ನು ಮತ್ತೆ ಹೇಳಿ.,YES,,READY_FOR_NATIVE_REVIEW,,
ui.error.microphone_denied,Error assistant turn / browser speech recovery — error.microphone_denied,Microphone access was denied. Please allow microphone access or type your question.,"Communicate the complete English source meaning without omitting qualifiers, actions, names, numbers, fees, or acronyms: Microphone access was denied. Please allow microphone access or type your question.",ಮೈಕ್ರೊಫೋನ್ ಬಳಸಲು ಅನುಮತಿ ದೊರೆತಿಲ್ಲ. ದಯವಿಟ್ಟು ಅನುಮತಿ ನೀಡಿ ಅಥವಾ ಪ್ರಶ್ನೆಯನ್ನು ಟೈಪ್ ಮಾಡಿ.,Working literal gloss: Microphone access was denied. Please allow microphone access or type your question.,Sentence-level redraft is proposed because the current wording has no native-human approval and may be unnatural in context.,ಮೈಕ್ರೊಫೋನ್ ಬಳಸುವ ಅನುಮತಿಯನ್ನು ನಿರಾಕರಿಸಲಾಗಿದೆ. ದಯವಿಟ್ಟು ಮೈಕ್ರೊಫೋನ್‌ಗೆ ಅನುಮತಿ ನೀಡಿ ಅಥವಾ ನಿಮ್ಮ ಪ್ರಶ್ನೆಯನ್ನು ಟೈಪ್ ಮಾಡಿ.,ಮೈಕ್ರೊಫೋನ್ ಬಳಸುವ ಅನುಮತಿಯನ್ನು ನಿರಾಕರಿಸಲಾಗಿದೆ. ದಯವಿಟ್ಟು ಮೈಕ್ರೊಫೋನ್‌ಗೆ ಅನುಮತಿ ನೀಡಿ ಅಥವಾ ನಿಮ್ಮ ಪ್ರಶ್ನೆಯನ್ನು ಟೈಪ್ ಮಾಡಿ.,YES,,READY_FOR_NATIVE_REVIEW,,
ui.error.microphone_missing,Error assistant turn / browser speech recovery — error.microphone_missing,No microphone was found. Please type your question.,"Communicate the complete English source meaning without omitting qualifiers, actions, names, numbers, fees, or acronyms: No microphone was found. Please type your question.",ಮೈಕ್ರೊಫೋನ್ ಕಂಡುಬಂದಿಲ್ಲ. ದಯವಿಟ್ಟು ಪ್ರಶ್ನೆಯನ್ನು ಟೈಪ್ ಮಾಡಿ.,Working literal gloss: No microphone was found. Please type your question.,Sentence-level redraft is proposed because the current wording has no native-human approval and may be unnatural in context.,ಮೈಕ್ರೊಫೋನ್ ಕಂಡುಬಂದಿಲ್ಲ. ದಯವಿಟ್ಟು ನಿಮ್ಮ ಪ್ರಶ್ನೆಯನ್ನು ಟೈಪ್ ಮಾಡಿ.,ಮೈಕ್ರೊಫೋನ್ ಕಂಡುಬಂದಿಲ್ಲ. ದಯವಿಟ್ಟು ನಿಮ್ಮ ಪ್ರಶ್ನೆಯನ್ನು ಟೈಪ್ ಮಾಡಿ.,YES,,READY_FOR_NATIVE_REVIEW,,
ui.error.microphone_blocked,Error assistant turn / browser speech recovery — error.microphone_blocked,The browser blocked voice input. Please allow microphone access or type your question.,"Communicate the complete English source meaning without omitting qualifiers, actions, names, numbers, fees, or acronyms: The browser blocked voice input. Please allow microphone access or type your question.",ಬ್ರೌಸರ್ ಧ್ವನಿ ಇನ್‌ಪುಟ್ ಅನ್ನು ನಿರ್ಬಂಧಿಸಿದೆ. ದಯವಿಟ್ಟು ಮೈಕ್ರೊಫೋನ್‌ಗೆ ಅನುಮತಿ ನೀಡಿ ಅಥವಾ ಪ್ರಶ್ನೆಯನ್ನು ಟೈಪ್ ಮಾಡಿ.,Working literal gloss: The browser blocked voice input. Please allow microphone access or type your question.,Sentence-level redraft is proposed because the current wording has no native-human approval and may be unnatural in context.,ಬ್ರೌಸರ್ ಧ್ವನಿ ಇನ್‌ಪುಟ್ ಅನ್ನು ನಿರ್ಬಂಧಿಸಿದೆ. ದಯವಿಟ್ಟು ಮೈಕ್ರೊಫೋನ್‌ಗೆ ಅನುಮತಿ ನೀಡಿ ಅಥವಾ ನಿಮ್ಮ ಪ್ರಶ್ನೆಯನ್ನು ಟೈಪ್ ಮಾಡಿ.,ಬ್ರೌಸರ್ ಧ್ವನಿ ಇನ್‌ಪುಟ್ ಅನ್ನು ನಿರ್ಬಂಧಿಸಿದೆ. ದಯವಿಟ್ಟು ಮೈಕ್ರೊಫೋನ್‌ಗೆ ಅನುಮತಿ ನೀಡಿ ಅಥವಾ ನಿಮ್ಮ ಪ್ರಶ್ನೆಯನ್ನು ಟೈಪ್ ಮಾಡಿ.,YES,,READY_FOR_NATIVE_REVIEW,,
ui.error.microphone_start,Error assistant turn / browser speech recovery — error.microphone_start,The microphone could not be started. Please try again or type your question.,"Communicate the complete English source meaning without omitting qualifiers, actions, names, numbers, fees, or acronyms: The microphone could not be started. Please try again or type your question.",ಮೈಕ್ರೊಫೋನ್ ಅನ್ನು ಪ್ರಾರಂಭಿಸಲಾಗಲಿಲ್ಲ. ದಯವಿಟ್ಟು ಮತ್ತೆ ಪ್ರಯತ್ನಿಸಿ ಅಥವಾ ಪ್ರಶ್ನೆಯನ್ನು ಟೈಪ್ ಮಾಡಿ.,Working literal gloss: The microphone could not be started. Please try again or type your question.,Sentence-level redraft is proposed because the current wording has no native-human approval and may be unnatural in context.,ಮೈಕ್ರೊಫೋನ್ ಅನ್ನು ಪ್ರಾರಂಭಿಸಲಾಗಲಿಲ್ಲ. ದಯವಿಟ್ಟು ಮತ್ತೆ ಪ್ರಯತ್ನಿಸಿ ಅಥವಾ ನಿಮ್ಮ ಪ್ರಶ್ನೆಯನ್ನು ಟೈಪ್ ಮಾಡಿ.,ಮೈಕ್ರೊಫೋನ್ ಅನ್ನು ಪ್ರಾರಂಭಿಸಲಾಗಲಿಲ್ಲ. ದಯವಿಟ್ಟು ಮತ್ತೆ ಪ್ರಯತ್ನಿಸಿ ಅಥವಾ ನಿಮ್ಮ ಪ್ರಶ್ನೆಯನ್ನು ಟೈಪ್ ಮಾಡಿ.,YES,,READY_FOR_NATIVE_REVIEW,,
ui.error.voice_unsupported,Error assistant turn / browser speech recovery — error.voice_unsupported,"Voice input is not supported in this browser. Please use Chrome or Edge, or type your question.","Communicate the complete English source meaning without omitting qualifiers, actions, names, numbers, fees, or acronyms: Voice input is not supported in this browser. Please use Chrome or Edge, or type your question.","ಈ ಬ್ರೌಸರ್‌ನಲ್ಲಿ ಧ್ವನಿ ಇನ್‌ಪುಟ್ ಲಭ್ಯವಿಲ್ಲ. ದಯವಿಟ್ಟು Chrome ಅಥವಾ Edge ಬಳಸಿ, ಇಲ್ಲವೇ ಪ್ರಶ್ನೆಯನ್ನು ಟೈಪ್ ಮಾಡಿ.","Working literal gloss: Voice input is not supported in this browser. Please use Chrome or Edge, or type your question.",Sentence-level redraft is proposed because the current wording has no native-human approval and may be unnatural in context.,ಈ ಬ್ರೌಸರ್‌ನಲ್ಲಿ ಧ್ವನಿ ಇನ್‌ಪುಟ್‌ಗೆ ಬೆಂಬಲವಿಲ್ಲ. ದಯವಿಟ್ಟು Chrome ಅಥವಾ Edge ಬಳಸಿ; ಇಲ್ಲವಾದರೆ ನಿಮ್ಮ ಪ್ರಶ್ನೆಯನ್ನು ಟೈಪ್ ಮಾಡಿ.,ಈ ಬ್ರೌಸರ್‌ನಲ್ಲಿ ಧ್ವನಿ ಇನ್‌ಪುಟ್‌ಗೆ ಬೆಂಬಲವಿಲ್ಲ. ದಯವಿಟ್ಟು Chrome ಅಥವಾ Edge ಬಳಸಿ; ಇಲ್ಲವಾದರೆ ನಿಮ್ಮ ಪ್ರಶ್ನೆಯನ್ನು ಟೈಪ್ ಮಾಡಿ.,YES,,READY_FOR_NATIVE_REVIEW,,
ui.error.voice_failed,Error assistant turn / browser speech recovery — error.voice_failed,Voice input failed. Please try again or type your question.,"Communicate the complete English source meaning without omitting qualifiers, actions, names, numbers, fees, or acronyms: Voice input failed. Please try again or type your question.",ಧ್ವನಿ ಇನ್‌ಪುಟ್ ವಿಫಲವಾಗಿದೆ. ದಯವಿಟ್ಟು ಮತ್ತೆ ಪ್ರಯತ್ನಿಸಿ ಅಥವಾ ಪ್ರಶ್ನೆಯನ್ನು ಟೈಪ್ ಮಾಡಿ.,Working literal gloss: Voice input failed. Please try again or type your question.,Sentence-level redraft is proposed because the current wording has no native-human approval and may be unnatural in context.,ಧ್ವನಿ ಇನ್‌ಪುಟ್ ವಿಫಲವಾಗಿದೆ. ದಯವಿಟ್ಟು ಮತ್ತೆ ಪ್ರಯತ್ನಿಸಿ ಅಥವಾ ನಿಮ್ಮ ಪ್ರಶ್ನೆಯನ್ನು ಟೈಪ್ ಮಾಡಿ.,ಧ್ವನಿ ಇನ್‌ಪುಟ್ ವಿಫಲವಾಗಿದೆ. ದಯವಿಟ್ಟು ಮತ್ತೆ ಪ್ರಯತ್ನಿಸಿ ಅಥವಾ ನಿಮ್ಮ ಪ್ರಶ್ನೆಯನ್ನು ಟೈಪ್ ಮಾಡಿ.,YES,,READY_FOR_NATIVE_REVIEW,,
ui.error.voice_timeout,Error assistant turn / browser speech recovery — error.voice_timeout,Voice recognition timed out. Please try again or type your question.,"Communicate the complete English source meaning without omitting qualifiers, actions, names, numbers, fees, or acronyms: Voice recognition timed out. Please try again or type your question.",ಧ್ವನಿ ಗುರುತಿಸುವಿಕೆ ಸಮಯ ಮೀರಿದೆ. ದಯವಿಟ್ಟು ಮತ್ತೆ ಪ್ರಯತ್ನಿಸಿ ಅಥವಾ ಪ್ರಶ್ನೆಯನ್ನು ಟೈಪ್ ಮಾಡಿ.,Working literal gloss: Voice recognition timed out. Please try again or type your question.,Sentence-level redraft is proposed because the current wording has no native-human approval and may be unnatural in context.,ಧ್ವನಿ ಗುರುತಿಸುವಿಕೆಯ ಸಮಯ ಮೀರಿದೆ. ದಯವಿಟ್ಟು ಮತ್ತೆ ಪ್ರಯತ್ನಿಸಿ ಅಥವಾ ನಿಮ್ಮ ಪ್ರಶ್ನೆಯನ್ನು ಟೈಪ್ ಮಾಡಿ.,ಧ್ವನಿ ಗುರುತಿಸುವಿಕೆಯ ಸಮಯ ಮೀರಿದೆ. ದಯವಿಟ್ಟು ಮತ್ತೆ ಪ್ರಯತ್ನಿಸಿ ಅಥವಾ ನಿಮ್ಮ ಪ್ರಶ್ನೆಯನ್ನು ಟೈಪ್ ಮಾಡಿ.,YES,,READY_FOR_NATIVE_REVIEW,,
ui.error.voice_unrecognized,Error assistant turn / browser speech recovery — error.voice_unrecognized,I could not understand the audio. Please try again or type your question.,"Communicate the complete English source meaning without omitting qualifiers, actions, names, numbers, fees, or acronyms: I could not understand the audio. Please try again or type your question.",ಧ್ವನಿಯನ್ನು ಅರ್ಥಮಾಡಿಕೊಳ್ಳಲಾಗಲಿಲ್ಲ. ದಯವಿಟ್ಟು ಮತ್ತೆ ಪ್ರಯತ್ನಿಸಿ ಅಥವಾ ಪ್ರಶ್ನೆಯನ್ನು ಟೈಪ್ ಮಾಡಿ.,Working literal gloss: I could not understand the audio. Please try again or type your question.,Sentence-level redraft is proposed because the current wording has no native-human approval and may be unnatural in context.,ಧ್ವನಿಯನ್ನು ಅರ್ಥಮಾಡಿಕೊಳ್ಳಲಾಗಲಿಲ್ಲ. ದಯವಿಟ್ಟು ಮತ್ತೆ ಪ್ರಯತ್ನಿಸಿ ಅಥವಾ ನಿಮ್ಮ ಪ್ರಶ್ನೆಯನ್ನು ಟೈಪ್ ಮಾಡಿ.,ಧ್ವನಿಯನ್ನು ಅರ್ಥಮಾಡಿಕೊಳ್ಳಲಾಗಲಿಲ್ಲ. ದಯವಿಟ್ಟು ಮತ್ತೆ ಪ್ರಯತ್ನಿಸಿ ಅಥವಾ ನಿಮ್ಮ ಪ್ರಶ್ನೆಯನ್ನು ಟೈಪ್ ಮಾಡಿ.,YES,,READY_FOR_NATIVE_REVIEW,,
ui.error.network,Error assistant turn / browser speech recovery — error.network,"Voice recognition could not reach the speech service. Check the internet connection, then try again.","Communicate the complete English source meaning without omitting qualifiers, actions, names, numbers, fees, or acronyms: Voice recognition could not reach the speech service. Check the internet connection, then try again.","ಧ್ವನಿ ಸೇವೆಯನ್ನು ಸಂಪರ್ಕಿಸಲಾಗಲಿಲ್ಲ. ಇಂಟರ್ನೆಟ್ ಸಂಪರ್ಕವನ್ನು ಪರಿಶೀಲಿಸಿ, ನಂತರ ಮತ್ತೆ ಪ್ರಯತ್ನಿಸಿ.","Working literal gloss: Voice recognition could not reach the speech service. Check the internet connection, then try again.",Sentence-level redraft is proposed because the current wording has no native-human approval and may be unnatural in context.,ಧ್ವನಿ ಗುರುತಿಸುವಿಕೆ ಸೇವೆಯನ್ನು ಸಂಪರ್ಕಿಸಲಾಗಲಿಲ್ಲ. ಇಂಟರ್ನೆಟ್ ಸಂಪರ್ಕವನ್ನು ಪರಿಶೀಲಿಸಿ; ನಂತರ ಮತ್ತೆ ಪ್ರಯತ್ನಿಸಿ.,ಧ್ವನಿ ಗುರುತಿಸುವಿಕೆ ಸೇವೆಯನ್ನು ಸಂಪರ್ಕಿಸಲಾಗಲಿಲ್ಲ. ಇಂಟರ್ನೆಟ್ ಸಂಪರ್ಕವನ್ನು ಪರಿಶೀಲಿಸಿ; ನಂತರ ಮತ್ತೆ ಪ್ರಯತ್ನಿಸಿ.,YES,,READY_FOR_NATIVE_REVIEW,,
ui.error.offline,Error assistant turn / browser speech recovery — error.offline,"The kiosk is offline. Connect to the internet, then try again.","Communicate the complete English source meaning without omitting qualifiers, actions, names, numbers, fees, or acronyms: The kiosk is offline. Connect to the internet, then try again.",ಕಿಯೋಸ್ಕ್ ಆಫ್‌ಲೈನ್‌ನಲ್ಲಿದೆ. ಇಂಟರ್ನೆಟ್‌ಗೆ ಸಂಪರ್ಕಿಸಿದ ನಂತರ ಮತ್ತೆ ಪ್ರಯತ್ನಿಸಿ.,"Working literal gloss: The kiosk is offline. Connect to the internet, then try again.",No specific defect established by desk review; native-human sentence approval is still absent.,ಕಿಯೋಸ್ಕ್ ಆಫ್‌ಲೈನ್‌ನಲ್ಲಿದೆ. ಇಂಟರ್ನೆಟ್‌ಗೆ ಸಂಪರ್ಕಿಸಿದ ನಂತರ ಮತ್ತೆ ಪ್ರಯತ್ನಿಸಿ.,ಕಿಯೋಸ್ಕ್ ಆಫ್‌ಲೈನ್‌ನಲ್ಲಿದೆ. ಇಂಟರ್ನೆಟ್‌ಗೆ ಸಂಪರ್ಕಿಸಿದ ನಂತರ ಮತ್ತೆ ಪ್ರಯತ್ನಿಸಿ.,YES,,READY_FOR_NATIVE_REVIEW,,
ui.error.backend,Error assistant turn / browser speech recovery — error.backend,The service is temporarily unavailable. Please try again.,"Communicate the complete English source meaning without omitting qualifiers, actions, names, numbers, fees, or acronyms: The service is temporarily unavailable. Please try again.",ಸೇವೆಯು ತಾತ್ಕಾಲಿಕವಾಗಿ ಲಭ್ಯವಿಲ್ಲ. ದಯವಿಟ್ಟು ಮತ್ತೆ ಪ್ರಯತ್ನಿಸಿ.,Working literal gloss: The service is temporarily unavailable. Please try again.,Sentence-level redraft is proposed because the current wording has no native-human approval and may be unnatural in context.,ಸೇವೆ ತಾತ್ಕಾಲಿಕವಾಗಿ ಲಭ್ಯವಿಲ್ಲ. ದಯವಿಟ್ಟು ಮತ್ತೆ ಪ್ರಯತ್ನಿಸಿ.,ಸೇವೆ ತಾತ್ಕಾಲಿಕವಾಗಿ ಲಭ್ಯವಿಲ್ಲ. ದಯವಿಟ್ಟು ಮತ್ತೆ ಪ್ರಯತ್ನಿಸಿ.,YES,,READY_FOR_NATIVE_REVIEW,,
ui.error.empty_response,Error assistant turn / browser speech recovery — error.empty_response,I could not prepare a response. Please try again.,"Communicate the complete English source meaning without omitting qualifiers, actions, names, numbers, fees, or acronyms: I could not prepare a response. Please try again.",ಉತ್ತರವನ್ನು ಸಿದ್ಧಪಡಿಸಲಾಗಲಿಲ್ಲ. ದಯವಿಟ್ಟು ಮತ್ತೆ ಪ್ರಯತ್ನಿಸಿ.,Working literal gloss: I could not prepare a response. Please try again.,No specific defect established by desk review; native-human sentence approval is still absent.,ಉತ್ತರವನ್ನು ಸಿದ್ಧಪಡಿಸಲಾಗಲಿಲ್ಲ. ದಯವಿಟ್ಟು ಮತ್ತೆ ಪ್ರಯತ್ನಿಸಿ.,ಉತ್ತರವನ್ನು ಸಿದ್ಧಪಡಿಸಲಾಗಲಿಲ್ಲ. ದಯವಿಟ್ಟು ಮತ್ತೆ ಪ್ರಯತ್ನಿಸಿ.,YES,,READY_FOR_NATIVE_REVIEW,,
ui.error.invalid_request,Error assistant turn / browser speech recovery — error.invalid_request,The request could not be processed. Please try again.,"Communicate the complete English source meaning without omitting qualifiers, actions, names, numbers, fees, or acronyms: The request could not be processed. Please try again.",ವಿನಂತಿಯನ್ನು ಪ್ರಕ್ರಿಯೆಗೊಳಿಸಲಾಗಲಿಲ್ಲ. ದಯವಿಟ್ಟು ಮತ್ತೆ ಪ್ರಯತ್ನಿಸಿ.,Working literal gloss: The request could not be processed. Please try again.,No specific defect established by desk review; native-human sentence approval is still absent.,ವಿನಂತಿಯನ್ನು ಪ್ರಕ್ರಿಯೆಗೊಳಿಸಲಾಗಲಿಲ್ಲ. ದಯವಿಟ್ಟು ಮತ್ತೆ ಪ್ರಯತ್ನಿಸಿ.,ವಿನಂತಿಯನ್ನು ಪ್ರಕ್ರಿಯೆಗೊಳಿಸಲಾಗಲಿಲ್ಲ. ದಯವಿಟ್ಟು ಮತ್ತೆ ಪ್ರಯತ್ನಿಸಿ.,YES,,READY_FOR_NATIVE_REVIEW,,
ui.error.missing_text,Error assistant turn / browser speech recovery — error.missing_text,Please type or say a question.,"Communicate the complete English source meaning without omitting qualifiers, actions, names, numbers, fees, or acronyms: Please type or say a question.",ದಯವಿಟ್ಟು ಪ್ರಶ್ನೆಯನ್ನು ಹೇಳಿ ಅಥವಾ ಟೈಪ್ ಮಾಡಿ.,Working literal gloss: Please type or say a question.,Sentence-level redraft is proposed because the current wording has no native-human approval and may be unnatural in context.,ದಯವಿಟ್ಟು ನಿಮ್ಮ ಪ್ರಶ್ನೆಯನ್ನು ಹೇಳಿ ಅಥವಾ ಟೈಪ್ ಮಾಡಿ.,ದಯವಿಟ್ಟು ನಿಮ್ಮ ಪ್ರಶ್ನೆಯನ್ನು ಹೇಳಿ ಅಥವಾ ಟೈಪ್ ಮಾಡಿ.,YES,,READY_FOR_NATIVE_REVIEW,,
ui.error.audio_unavailable,Error assistant turn / browser speech recovery — error.audio_unavailable,Voice output is temporarily unavailable. The information remains available on screen.,"Communicate the complete English source meaning without omitting qualifiers, actions, names, numbers, fees, or acronyms: Voice output is temporarily unavailable. The information remains available on screen.",ಧ್ವನಿ ಸೇವೆ ತಾತ್ಕಾಲಿಕವಾಗಿ ಲಭ್ಯವಿಲ್ಲ. ಮಾಹಿತಿ ಪರದೆಯಲ್ಲಿ ಲಭ್ಯವಿದೆ.,Working literal gloss: Voice output is temporarily unavailable. The information remains available on screen.,Sentence-level redraft is proposed because the current wording has no native-human approval and may be unnatural in context.,ಧ್ವನಿ ಮೂಲಕ ಉತ್ತರ ನೀಡುವ ಸೌಲಭ್ಯವು ತಾತ್ಕಾಲಿಕವಾಗಿ ಲಭ್ಯವಿಲ್ಲ. ಮಾಹಿತಿ ಪರದೆಯಲ್ಲಿ ಲಭ್ಯವಿದೆ.,ಧ್ವನಿ ಮೂಲಕ ಉತ್ತರ ನೀಡುವ ಸೌಲಭ್ಯವು ತಾತ್ಕಾಲಿಕವಾಗಿ ಲಭ್ಯವಿಲ್ಲ. ಮಾಹಿತಿ ಪರದೆಯಲ್ಲಿ ಲಭ್ಯವಿದೆ.,YES,,READY_FOR_NATIVE_REVIEW,,
ui.availability.official_fact_blocked,Unavailable-information assistant turn — availability.official_fact_blocked,"This information has not yet been officially confirmed.
Please contact the relevant department for more information.","Communicate the complete English source meaning without omitting qualifiers, actions, names, numbers, fees, or acronyms: This information has not yet been officially confirmed.
Please contact the relevant department for more information.","ಈ ಮಾಹಿತಿಯನ್ನು ಇನ್ನೂ ಅಧಿಕೃತವಾಗಿ ದೃಢೀಕರಿಸಲಾಗಿಲ್ಲ.
ಹೆಚ್ಚಿನ ಮಾಹಿತಿಗಾಗಿ ಸಂಬಂಧಿತ ವಿಭಾಗವನ್ನು ಸಂಪರ್ಕಿಸಿ.","Working literal gloss: This information has not yet been officially confirmed.
Please contact the relevant department for more information.",No specific defect established by desk review; native-human sentence approval is still absent.,"ಈ ಮಾಹಿತಿಯನ್ನು ಇನ್ನೂ ಅಧಿಕೃತವಾಗಿ ದೃಢೀಕರಿಸಲಾಗಿಲ್ಲ.
ಹೆಚ್ಚಿನ ಮಾಹಿತಿಗಾಗಿ ಸಂಬಂಧಿತ ವಿಭಾಗವನ್ನು ಸಂಪರ್ಕಿಸಿ.",ಈ ಮಾಹಿತಿಯನ್ನು ಇನ್ನೂ ಅಧಿಕೃತವಾಗಿ ದೃಢೀಕರಿಸಲಾಗಿಲ್ಲ. ಹೆಚ್ಚಿನ ಮಾಹಿತಿಗಾಗಿ ಸಂಬಂಧಿತ ವಿಭಾಗವನ್ನು ಸಂಪರ್ಕಿಸಿ.,YES,,READY_FOR_NATIVE_REVIEW,,
ui.availability.unknown,Unavailable-information assistant turn — availability.unknown,"I do not currently have reliable information about that. I can help with admissions, departments, placements, fees, facilities, and campus information.","Communicate the complete English source meaning without omitting qualifiers, actions, names, numbers, fees, or acronyms: I do not currently have reliable information about that. I can help with admissions, departments, placements, fees, facilities, and campus information.","ಆ ವಿಷಯದ ಬಗ್ಗೆ ವಿಶ್ವಾಸಾರ್ಹ ಮಾಹಿತಿ ಈಗ ಲಭ್ಯವಿಲ್ಲ. ಪ್ರವೇಶಾತಿ, ವಿಭಾಗಗಳು, ಪ್ಲೇಸ್‌ಮೆಂಟ್, ಶುಲ್ಕ, ಸೌಲಭ್ಯಗಳು ಮತ್ತು ಕ್ಯಾಂಪಸ್ ಮಾಹಿತಿಯಲ್ಲಿ ನಾನು ಸಹಾಯ ಮಾಡಬಲ್ಲೆ.","Working literal gloss: I do not currently have reliable information about that. I can help with admissions, departments, placements, fees, facilities, and campus information.",Sentence-level redraft is proposed because the current wording has no native-human approval and may be unnatural in context.,"ಆ ವಿಷಯದ ಬಗ್ಗೆ ವಿಶ್ವಾಸಾರ್ಹ ಮಾಹಿತಿ ಈಗ ನನ್ನ ಬಳಿ ಇಲ್ಲ. ಪ್ರವೇಶಾತಿ, ವಿಭಾಗಗಳು, ಪ್ಲೇಸ್‌ಮೆಂಟ್‌ಗಳು, ಶುಲ್ಕ, ಸೌಲಭ್ಯಗಳು ಮತ್ತು ಕ್ಯಾಂಪಸ್ ಮಾಹಿತಿಯ ಕುರಿತು ನಾನು ಸಹಾಯ ಮಾಡಬಲ್ಲೆ.","ಆ ವಿಷಯದ ಬಗ್ಗೆ ವಿಶ್ವಾಸಾರ್ಹ ಮಾಹಿತಿ ಈಗ ನನ್ನ ಬಳಿ ಇಲ್ಲ. ಪ್ರವೇಶಾತಿ, ವಿಭಾಗಗಳು, ಪ್ಲೇಸ್‌ಮೆಂಟ್‌ಗಳು, ಶುಲ್ಕ, ಸೌಲಭ್ಯಗಳು ಮತ್ತು ಕ್ಯಾಂಪಸ್ ಮಾಹಿತಿಯ ಕುರಿತು ನಾನು ಸಹಾಯ ಮಾಡಬಲ್ಲೆ.",YES,,READY_FOR_NATIVE_REVIEW,,
ui.availability.missing_source,Unavailable-information assistant turn — availability.missing_source,"This information is not available in the approved source.
Please contact the relevant department for more information.","Communicate the complete English source meaning without omitting qualifiers, actions, names, numbers, fees, or acronyms: This information is not available in the approved source.
Please contact the relevant department for more information.","ಅನುಮೋದಿತ ಮೂಲದಲ್ಲಿ ಈ ಮಾಹಿತಿ ಲಭ್ಯವಿಲ್ಲ.
ಹೆಚ್ಚಿನ ಮಾಹಿತಿಗಾಗಿ ಸಂಬಂಧಿತ ವಿಭಾಗವನ್ನು ಸಂಪರ್ಕಿಸಿ.","Working literal gloss: This information is not available in the approved source.
Please contact the relevant department for more information.",No specific defect established by desk review; native-human sentence approval is still absent.,"ಅನುಮೋದಿತ ಮೂಲದಲ್ಲಿ ಈ ಮಾಹಿತಿ ಲಭ್ಯವಿಲ್ಲ.
ಹೆಚ್ಚಿನ ಮಾಹಿತಿಗಾಗಿ ಸಂಬಂಧಿತ ವಿಭಾಗವನ್ನು ಸಂಪರ್ಕಿಸಿ.",ಅನುಮೋದಿತ ಮೂಲದಲ್ಲಿ ಈ ಮಾಹಿತಿ ಲಭ್ಯವಿಲ್ಲ. ಹೆಚ್ಚಿನ ಮಾಹಿತಿಗಾಗಿ ಸಂಬಂಧಿತ ವಿಭಾಗವನ್ನು ಸಂಪರ್ಕಿಸಿ.,YES,,READY_FOR_NATIVE_REVIEW,,
ui.session.thank_you,Session controls / ending state — session.thank_you,Thank you.,"Communicate the complete English source meaning without omitting qualifiers, actions, names, numbers, fees, or acronyms: Thank you.",ಧನ್ಯವಾದಗಳು.,Working literal gloss: Thank you.,No specific defect established by desk review; native-human sentence approval is still absent.,ಧನ್ಯವಾದಗಳು.,,YES,,READY_FOR_NATIVE_REVIEW,,
ui.session.goodbye,Session controls / ending state — session.goodbye,Goodbye.,"Communicate the complete English source meaning without omitting qualifiers, actions, names, numbers, fees, or acronyms: Goodbye.",ವಿದಾಯ.,Working literal gloss: Goodbye.,No specific defect established by desk review; native-human sentence approval is still absent.,ವಿದಾಯ.,,YES,,READY_FOR_NATIVE_REVIEW,,
ui.session.timeout,Session controls / ending state — session.timeout,This session has timed out.,"Communicate the complete English source meaning without omitting qualifiers, actions, names, numbers, fees, or acronyms: This session has timed out.",ಈ ಅಧಿವೇಶನದ ಸಮಯ ಮೀರಿದೆ.,Working literal gloss: This session has timed out.,Sentence-level redraft is proposed because the current wording has no native-human approval and may be unnatural in context.,ಈ ಸಂವಾದದ ಅವಧಿ ಮುಗಿದಿದೆ.,,YES,,READY_FOR_NATIVE_REVIEW,,
ui.session.ending,Session controls / ending state — session.ending,This session is ending.,"Communicate the complete English source meaning without omitting qualifiers, actions, names, numbers, fees, or acronyms: This session is ending.",ಈ ಅಧಿವೇಶನ ಮುಕ್ತಾಯಗೊಳ್ಳುತ್ತಿದೆ.,Working literal gloss: This session is ending.,Sentence-level redraft is proposed because the current wording has no native-human approval and may be unnatural in context.,ಈ ಸಂವಾದವು ಈಗ ಮುಕ್ತಾಯಗೊಳ್ಳುತ್ತಿದೆ.,,YES,,READY_FOR_NATIVE_REVIEW,,
ui.session.interrupted,Session controls / ending state — session.interrupted,The previous response was interrupted.,"Communicate the complete English source meaning without omitting qualifiers, actions, names, numbers, fees, or acronyms: The previous response was interrupted.",ಹಿಂದಿನ ಉತ್ತರವನ್ನು ನಿಲ್ಲಿಸಲಾಗಿದೆ.,Working literal gloss: The previous response was interrupted.,Sentence-level redraft is proposed because the current wording has no native-human approval and may be unnatural in context.,ಹಿಂದಿನ ಉತ್ತರವನ್ನು ಮಧ್ಯದಲ್ಲೇ ನಿಲ್ಲಿಸಲಾಗಿದೆ.,,YES,,READY_FOR_NATIVE_REVIEW,,
ui.session.back,Session controls / ending state — session.back,Back,"Communicate the complete English source meaning without omitting qualifiers, actions, names, numbers, fees, or acronyms: Back",ಹಿಂದೆ,Working literal gloss: Back,No specific defect established by desk review; native-human sentence approval is still absent.,ಹಿಂದೆ,,YES,,READY_FOR_NATIVE_REVIEW,,
ui.session.home,Session controls / ending state — session.home,Go home,"Communicate the complete English source meaning without omitting qualifiers, actions, names, numbers, fees, or acronyms: Go home",ಮುಖಪುಟಕ್ಕೆ ಹೋಗಿ,Working literal gloss: Go home,No specific defect established by desk review; native-human sentence approval is still absent.,ಮುಖಪುಟಕ್ಕೆ ಹೋಗಿ,,YES,,READY_FOR_NATIVE_REVIEW,,
ui.session.close,Session controls / ending state — session.close,Close,"Communicate the complete English source meaning without omitting qualifiers, actions, names, numbers, fees, or acronyms: Close",ಮುಚ್ಚಿ,Working literal gloss: Close,No specific defect established by desk review; native-human sentence approval is still absent.,ಮುಚ್ಚಿ,,YES,,READY_FOR_NATIVE_REVIEW,,
ui.session.retry_connection,Session controls / ending state — session.retry_connection,Retry connection,"Communicate the complete English source meaning without omitting qualifiers, actions, names, numbers, fees, or acronyms: Retry connection",ಮತ್ತೆ ಸಂಪರ್ಕಿಸಿ,Working literal gloss: Retry connection,No specific defect established by desk review; native-human sentence approval is still absent.,ಮತ್ತೆ ಸಂಪರ್ಕಿಸಿ,,YES,,READY_FOR_NATIVE_REVIEW,,
ui.session.enable_face_display,Session controls / ending state — session.enable_face_display,Enable face display,"Communicate the complete English source meaning without omitting qualifiers, actions, names, numbers, fees, or acronyms: Enable face display",ಮುಖ ಪ್ರದರ್ಶನವನ್ನು ಸಕ್ರಿಯಗೊಳಿಸಿ,Working literal gloss: Enable face display,No specific defect established by desk review; native-human sentence approval is still absent.,ಮುಖ ಪ್ರದರ್ಶನವನ್ನು ಸಕ್ರಿಯಗೊಳಿಸಿ,,YES,,READY_FOR_NATIVE_REVIEW,,
